Cement Brand,Specific weight of cement,Dry specific weight of fine aggregate,Fineness module of fine aggregate,Dry specific weight of coarse aggregate,Fineness module of coarse aggregate,Nominal maximum size,Slump,Cement weight,Fine aggregate weight,Coarse aggregate weight,Water weight
3,2850,2596.42459,2.42,2715.18145,6.17,0.5,4,408.52,833.97,769.34,232.29
3,2850,2596.42459,2.42,2715.18145,6.17,0.5,4,436.17,820.14,749.34,235.8
3,2850,2596.42459,2.42,2715.18145,6.17,0.5,4,480.01,780.96,739.33,239.42
3,2850,2445.77632,3.18,2500.30754,6.93,0.75,4,351.73,650.77,1009.54,198.08
3,2850,2445.77632,3.18,2500.30754,6.93,0.75,4,391.54,623.67,988.33,200.77
3,2850,2445.77632,3.18,2500.30754,6.93,0.75,4,440.55,587.81,968.45,205.82
